type,full_name,name,code,description,color,notes,commoditym,commodityn,hidden,tax,place_holder
BANK,Imbalance-USD,Imbalance-USD,25,imbalance category,olive,gnuchash built-in top level,USD,CURRENCY,F,F,F
BANK,Orphan-USD,Orphan-USD,50,orphan category,olive,gnuchash built-in top level,USD,CURRENCY,F,F,F
ASSET,assets,assets,100,assets top level,green,,USD,CURRENCY,F,F,T
LIABILITY,li,li,400,liability top level,red,Liability accounts,USD,CURRENCY,F,F,T
EQUITY,eq,eq,200,equity top level,teal,,USD,CURRENCY,F,F,T
EQUITY,eq:open balance,open balance,201,so can open accounts ,teal,this is a gnucash one,USD,CURRENCY,F,F,F
INCOME,inc,inc,300,income top level,purple,,USD,CURRENCY,F,F,T
INCOME,inc:Bonus,Bonus,310,,purple,maybe use for incentive,USD,CURRENCY,F,F,F
INCOME,inc:Interest Income,Interest Income,330,,purple,can tally interest,USD,CURRENCY,F,F,F
INCOME,inc:Paycheck,Paycheck,340,jw paycheck,purple,,USD,CURRENCY,F,F,F
INCOME,inc:Reimbursement,Reimbursement,350,,purple,,USD,CURRENCY,F,F,F
INCOME,inc:Rental Income,Rental Income,360,,purple,,USD,CURRENCY,F,F,F
INCOME,inc:Returned Purchase,Returned Purchase,370,don't use,purple,,USD,CURRENCY,F,F,F
EXPENSE,exp,exp,500,expense top level,blue,all of these copied from mint categories,USD,CURRENCY,F,F,F
EXPENSE,exp:Auto & Transport,Auto & Transport,510,,blue,,USD,CURRENCY,F,F,F
EXPENSE,exp:Auto & Transport:Auto Insurance,Auto Insurance,511,,blue,,USD,CURRENCY,F,F,F
EXPENSE,exp:Auto & Transport:Auto Payment,Auto Payment,512,,blue,,USD,CURRENCY,F,F,F
EXPENSE,exp:Auto & Transport:Gas & Fuel,Gas & Fuel,513,,blue,,USD,CURRENCY,F,F,F
EXPENSE,exp:Auto & Transport:Parking,Parking,514,,blue,,USD,CURRENCY,F,F,F
EXPENSE,exp:Auto & Transport:Public Transportation,Public Transportation,515,,blue,,USD,CURRENCY,F,F,F
EXPENSE,exp:Auto & Transport:Service & Parts,Service & Parts,516,,blue,,USD,CURRENCY,F,F,F
EXPENSE,exp:Bills & Utilities,Bills & Utilities,520,,blue,,USD,CURRENCY,F,F,F
EXPENSE,exp:Bills & Utilities:Electricity,Electricity,521,,blue,,USD,CURRENCY,F,F,F
EXPENSE,exp:Bills & Utilities:Home Phone,Home Phone,522,,blue,,USD,CURRENCY,F,F,F
EXPENSE,exp:Bills & Utilities:Internet,Internet,523,,blue,,USD,CURRENCY,F,F,F
EXPENSE,exp:Bills & Utilities:Mobile Phone,Mobile Phone,524,,blue,,USD,CURRENCY,F,F,F
EXPENSE,exp:Bills & Utilities:Natural Gas,Natural Gas,525,,blue,,USD,CURRENCY,F,F,F
EXPENSE,exp:Bills & Utilities:Television,Television,526,,blue,,USD,CURRENCY,F,F,F
EXPENSE,exp:Bills & Utilities:Utilities,Utilities,527,,blue,,USD,CURRENCY,F,F,F
EXPENSE,exp:Bills & Utilities:Water,Water,528,,blue,,USD,CURRENCY,F,F,F
EXPENSE,exp:Business Services,Business Services,530,,blue,,USD,CURRENCY,F,F,F
EXPENSE,exp:Business Services:Advertising,Advertising,531,,blue,,USD,CURRENCY,F,F,F
EXPENSE,exp:Business Services:Legal,Legal,532,,blue,,USD,CURRENCY,F,F,F
EXPENSE,exp:Business Services:Office Supplies,Office Supplies,534,,blue,,USD,CURRENCY,F,F,F
EXPENSE,exp:Business Services:Printing,Printing,535,,blue,,USD,CURRENCY,F,F,F
EXPENSE,exp:Business Services:Shipping,Shipping,536,,blue,,USD,CURRENCY,F,F,F
EXPENSE,exp:Education,Education,540,,blue,,USD,CURRENCY,F,F,F
EXPENSE,exp:Education:Books & Supplies,Books & Supplies,541,,blue,,USD,CURRENCY,F,F,F
EXPENSE,exp:Education:Student Loans,Student Loans,542,,blue,,USD,CURRENCY,F,F,F
EXPENSE,exp:Education:Memberships,Memberships,543,,blue,,USD,CURRENCY,F,F,F
EXPENSE,exp:Education:Tuition,Tuition,544,,blue,,USD,CURRENCY,F,F,F
EXPENSE,exp:Entertainment,Entertainment,550,,blue,,USD,CURRENCY,F,F,F
EXPENSE,exp:Entertainment:Amusement,Amusement,551,,blue,,USD,CURRENCY,F,F,F
EXPENSE,exp:Entertainment:Arts,Arts,552,,blue,,USD,CURRENCY,F,F,F
EXPENSE,exp:Entertainment:Movies & DVDs,Movies & DVDs,553,,blue,,USD,CURRENCY,F,F,F
EXPENSE,exp:Entertainment:Music,Music,554,,blue,,USD,CURRENCY,F,F,F
EXPENSE,exp:Entertainment:Newspapers & Magazines,Newspapers & Magazines,555,,blue,,USD,CURRENCY,F,F,F
EXPENSE,exp:Fees & Charges,Fees & Charges,560,,blue,,USD,CURRENCY,F,F,F
EXPENSE,exp:Fees & Charges:ATM Fee,ATM Fee,561,,blue,,USD,CURRENCY,F,F,F
EXPENSE,exp:Fees & Charges:Bank Fee,Bank Fee,562,,blue,,USD,CURRENCY,F,F,F
EXPENSE,exp:Fees & Charges:Finance Charge,Finance Charge,563,,blue,,USD,CURRENCY,F,F,F
EXPENSE,exp:Fees & Charges:Late Fee,Late Fee,564,,blue,,USD,CURRENCY,F,F,F
EXPENSE,exp:Fees & Charges:Service Fee,Service Fee,565,,blue,,USD,CURRENCY,F,F,F
EXPENSE,exp:Fees & Charges:Trade Commissions,Trade Commissions,566,,blue,,USD,CURRENCY,F,F,F
EXPENSE,exp:Financial,Financial,570,,blue,,USD,CURRENCY,F,F,F
EXPENSE,exp:Financial:Financial Advisor,Financial Advisor,572,,blue,,USD,CURRENCY,F,F,F
EXPENSE,exp:Financial:Life Insurance,Life Insurance,573,,blue,,USD,CURRENCY,F,F,F
EXPENSE,exp:Financial:LT Care Insurance,LT Care Insurance,574,,blue,,USD,CURRENCY,F,F,F
EXPENSE,exp:Food & Dining,Food & Dining,580,,blue,,USD,CURRENCY,F,F,F
EXPENSE,exp:Food & Dining:Alcohol & Bars,Alcohol & Bars,581,,blue,,USD,CURRENCY,F,F,F
EXPENSE,exp:Food & Dining:Coffee Shops,Coffee Shops,582,,blue,,USD,CURRENCY,F,F,F
EXPENSE,exp:Food & Dining:Fast Food,Fast Food,583,,blue,,USD,CURRENCY,F,F,F
EXPENSE,exp:Food & Dining:Groceries,Groceries,584,,blue,,USD,CURRENCY,F,F,F
EXPENSE,exp:Food & Dining:Restaurants,Restaurants,585,,blue,,USD,CURRENCY,F,F,F
EXPENSE,exp:Gifts & Donations,Gifts & Donations,590,,blue,,USD,CURRENCY,F,F,F
EXPENSE,exp:Gifts & Donations:Charity,Charity,591,,blue,,USD,CURRENCY,F,F,F
EXPENSE,exp:Gifts & Donations:Gift,Gift,592,,blue,,USD,CURRENCY,F,F,F
EXPENSE,exp:Health & Fitness,Health & Fitness,600,,blue,,USD,CURRENCY,F,F,F
EXPENSE,exp:Health & Fitness:Dentist,Dentist,601,,blue,,USD,CURRENCY,F,F,F
EXPENSE,exp:Health & Fitness:Doctor,Doctor,602,,blue,,USD,CURRENCY,F,F,F
EXPENSE,exp:Health & Fitness:Eyecare,Eyecare,603,,blue,,USD,CURRENCY,F,F,F
EXPENSE,exp:Health & Fitness:Gym,Gym,604,,blue,,USD,CURRENCY,F,F,F
EXPENSE,exp:Health & Fitness:Health Insurance,Health Insurance,605,,blue,,USD,CURRENCY,F,F,F
EXPENSE,exp:Health & Fitness:Pharmacy,Pharmacy,607,,blue,,USD,CURRENCY,F,F,F
EXPENSE,exp:Health & Fitness:Sports,Sports,608,,blue,,USD,CURRENCY,F,F,F
EXPENSE,exp:Home,Home,610,,blue,,USD,CURRENCY,F,F,F
EXPENSE,exp:Home:Furnishings,Furnishings,611,,blue,,USD,CURRENCY,F,F,F
EXPENSE,exp:Home:Home Improvement,Home Improvement,612,,blue,,USD,CURRENCY,F,F,F
EXPENSE,exp:Home:Home Insurance,Home Insurance,613,,blue,,USD,CURRENCY,F,F,F
EXPENSE,exp:Home:Home Services,Home Services,614,,blue,,USD,CURRENCY,F,F,F
EXPENSE,exp:Home:Home Supplies,Home Supplies,615,,blue,,USD,CURRENCY,F,F,F
EXPENSE,exp:Home:Lawn & Garden,Lawn & Garden,616,,blue,,USD,CURRENCY,F,F,F
EXPENSE,exp:Home:Mortgage & Rent,Mortgage & Rent,617,,blue,,USD,CURRENCY,F,F,F
EXPENSE,exp:Kids,Kids,620,,blue,,USD,CURRENCY,F,F,F
EXPENSE,exp:Kids:Allowance,Allowance,621,,blue,,USD,CURRENCY,F,F,F
EXPENSE,exp:Kids:Baby Supplies,Baby Supplies,622,,blue,,USD,CURRENCY,F,F,F
EXPENSE,exp:Kids:Babysitter & Daycare,Babysitter & Daycare,623,,blue,,USD,CURRENCY,F,F,F
EXPENSE,exp:Kids:Child Support,Child Support,624,,blue,,USD,CURRENCY,F,F,F
EXPENSE,exp:Kids:Kids Activities,Kids Activities,626,,blue,,USD,CURRENCY,F,F,F
EXPENSE,exp:Kids:Toys,Toys,627,,blue,,USD,CURRENCY,F,F,F
EXPENSE,exp:Loans,Loans,630,,blue,,USD,CURRENCY,F,F,F
EXPENSE,exp:Loans:Loan Fees and Charges,Loan Fees and Charges,631,,blue,,USD,CURRENCY,F,F,F
EXPENSE,exp:Loans:Loan Insurance,Loan Insurance,632,,blue,,USD,CURRENCY,F,F,F
EXPENSE,exp:Loans:Loan Interest,Loan Interest,633,,blue,,USD,CURRENCY,F,F,F
EXPENSE,exp:Loans:Loan Payment,Loan Payment,634,,blue,,USD,CURRENCY,F,F,F
EXPENSE,exp:Loans:Loan Principal,Loan Principal,635,,blue,,USD,CURRENCY,F,F,F
EXPENSE,exp:Misc Expenses,Misc Expenses,640,,blue,,USD,CURRENCY,F,F,F
EXPENSE,exp:Personal Care,Personal Care,650,,blue,,USD,CURRENCY,F,F,F
EXPENSE,exp:Personal Care:Hair,Hair,651,,blue,,USD,CURRENCY,F,F,F
EXPENSE,exp:Personal Care:Laundry,Laundry,652,,blue,,USD,CURRENCY,F,F,F
EXPENSE,exp:Personal Care:Spa & Massage,Spa & Massage,653,,blue,,USD,CURRENCY,F,F,F
EXPENSE,exp:Pets,Pets,660,,blue,,USD,CURRENCY,F,F,F
EXPENSE,exp:Pets:Pet Food & Supplies,Pet Food & Supplies,661,,blue,,USD,CURRENCY,F,F,F
EXPENSE,exp:Pets:Pet Grooming,Pet Grooming,662,,blue,,USD,CURRENCY,F,F,F
EXPENSE,exp:Pets:Veterinary,Veterinary,663,,blue,,USD,CURRENCY,F,F,F
EXPENSE,exp:Shopping,Shopping,670,,blue,,USD,CURRENCY,F,F,F
EXPENSE,exp:Shopping:Books,Books,671,,blue,,USD,CURRENCY,F,F,F
EXPENSE,exp:Shopping:Clothing,Clothing,672,,blue,,USD,CURRENCY,F,F,F
EXPENSE,exp:Shopping:Electronics & Software,Electronics & Software,673,,blue,,USD,CURRENCY,F,F,F
EXPENSE,exp:Shopping:Hobbies,Hobbies,674,,blue,,USD,CURRENCY,F,F,F
EXPENSE,exp:Shopping:Sporting Goods,Sporting Goods,675,,blue,,USD,CURRENCY,F,F,F
EXPENSE,exp:Taxes,Taxes,680,,blue,,USD,CURRENCY,F,F,F
EXPENSE,exp:Taxes:Federal Tax,Federal Tax,681,,blue,,USD,CURRENCY,F,F,F
EXPENSE,exp:Taxes:Local Tax,Local Tax,682,,blue,,USD,CURRENCY,F,F,F
EXPENSE,exp:Taxes:Property Tax,Property Tax,683,,blue,,USD,CURRENCY,F,F,F
EXPENSE,exp:Taxes:Sales Tax,Sales Tax,684,,blue,,USD,CURRENCY,F,F,F
EXPENSE,exp:Taxes:State Tax,State Tax,685,,blue,,USD,CURRENCY,F,F,F
EXPENSE,exp:Transfer,Transfer,690,,blue,,USD,CURRENCY,F,F,F
EXPENSE,exp:Transfer:Credit Card Payment,Credit Card Payment,691,,blue,,USD,CURRENCY,F,F,F
EXPENSE,exp:Transfer:Transfer for Cash Spending,Transfer for Cash Spending,692,,blue,,USD,CURRENCY,F,F,F
EXPENSE,exp:Travel,Travel,700,,blue,,USD,CURRENCY,F,F,F
EXPENSE,exp:Travel:Air Travel,Air Travel,701,,blue,,USD,CURRENCY,F,F,F
EXPENSE,exp:Travel:Hotel,Hotel,702,,blue,,USD,CURRENCY,F,F,F
EXPENSE,exp:Travel:Rental Car & Taxi,Rental Car & Taxi,703,,blue,,USD,CURRENCY,F,F,F
EXPENSE,exp:Travel:Vacation,Vacation,704,,blue,,USD,CURRENCY,F,F,F
EXPENSE,exp:Uncategorized,Uncategorized,710,,blue,,USD,CURRENCY,F,F,F
EXPENSE,exp:Uncategorized:Cash & ATM,Cash & ATM,711,,blue,,USD,CURRENCY,F,F,F
EXPENSE,exp:Uncategorized:Check,Check,712,,blue,,USD,CURRENCY,F,F,F
